{
    "32": {
        "latency_ms": 3.6186581943184137,
        "std_ms": 0.6635760193582324,
        "tokens_per_sec": 8843.056813225021,
        "memory_mb": 0.003993988037109375
    },
    "64": {
        "latency_ms": 3.6046083085238934,
        "std_ms": 0.4122255710051348,
        "tokens_per_sec": 17755.049792416514,
        "memory_mb": 0.0038328170776367188
    },
    "128": {
        "latency_ms": 4.503079311689362,
        "std_ms": 0.2943141049983192,
        "tokens_per_sec": 28424.993463412906,
        "memory_mb": 0.0038328170776367188
    },
    "256": {
        "latency_ms": 7.928333297604695,
        "std_ms": 0.9184317948600127,
        "tokens_per_sec": 32289.25808118367,
        "memory_mb": 0.0036115646362304688
    }
}