{
    "32": {
        "first_call_ms": 491.3653749972582,
        "subsequent_call_ms": 6.282891606679186,
        "tokens_per_sec": 5093.196254727934,
        "memory_mb": 0.7635602951049805
    },
    "64": {
        "first_call_ms": 528.2861249870621,
        "subsequent_call_ms": 6.907400104682893,
        "tokens_per_sec": 9265.425345291784,
        "memory_mb": 1.0496692657470703
    },
    "128": {
        "first_call_ms": 527.7014999883249,
        "subsequent_call_ms": 10.254854097729549,
        "tokens_per_sec": 12481.893821223603,
        "memory_mb": 1.049586296081543
    },
    "256": {
        "first_call_ms": 562.8365000011399,
        "subsequent_call_ms": 17.40757490042597,
        "tokens_per_sec": 14706.241476159643,
        "memory_mb": 1.046614646911621
    }
}