{
    "32": {
        "no_cache_ms": 61.48371659219265,
        "cache_ms": 35.8996249968186,
        "speedup_factor": 1.7126562352013786
    },
    "64": {
        "no_cache_ms": 72.90884162066504,
        "cache_ms": 38.39304178254679,
        "speedup_factor": 1.8990118582844067
    },
    "128": {
        "no_cache_ms": 95.78604139387608,
        "cache_ms": 38.46993299666792,
        "speedup_factor": 2.4898936372510083
    },
    "256": {
        "no_cache_ms": 189.10795841366053,
        "cache_ms": 49.456899997312576,
        "speedup_factor": 3.8236921122014604
    }
}