Type,Name,Request Count,Failure Count,Median Response Time,Average Response Time,Min Response Time,Max Response Time,Average Content Size,Requests/s,Failures/s,50%,66%,75%,80%,90%,95%,98%,99%,99.9%,99.99%,100%
POST,/generate,7,0,560,560.0880654528737,558.3305840846151,563.4816250531003,371.7142857142857,12.397325803764193,0.0,560,560,560,560,560,560,560,560,560,560,560
,Aggregated,7,0,560,560.0880654528737,558.3305840846151,563.4816250531003,371.7142857142857,12.397325803764193,0.0,560,560,560,560,560,560,560,560,560,560,560
