{
    "FP32": {
        "size_mb": 31.83501148223877,
        "latency_ms": 5.687112500891089,
        "memory_mb": 0.004985809326171875,
        "perplexity": 58261.1953125
    },
    "INT8": {
        "size_mb": 35.92375659942627,
        "latency_ms": 6.803816702449694,
        "memory_mb": 0.008893966674804688,
        "perplexity": 58259.1953125
    }
}