{
    "1": {
        "tokens_per_sec": 3923.59,
        "scaling_efficiency_pct": 100.0
    },
    "2": {
        "tokens_per_sec": 3423.05,
        "scaling_efficiency_pct": 43.621402847902054
    },
    "4": {
        "tokens_per_sec": 4091.28,
        "scaling_efficiency_pct": 26.068473005589272
    }
}