{
    "final_loss": 7.22100830078125,
    "avg_tokens_per_sec": 4153.729221209906,
    "total_time_s": 6.163136458024383
}